-130,0.039446,-0.028188,0.423548,474.048221,474.110831,424.138212,489.067858
-129,0.039999,-0.03503,0.422956,470.593172,470.374032,422.168975,487.387659
-128,0.040489,-0.039442,0.421922,464.422489,464.122972,417.855419,482.877358
-127,0.040986,-0.040942,0.420467,456.153265,455.993034,411.637088,475.983594
-126,0.04141,-0.039274,0.418631,446.334041,446.477483,403.874119,467.091923
-125,0.041862,-0.034514,0.416464,435.817345,436.318761,395.182269,456.899392
-124,0.042243,-0.02688,0.414014,425.607454,426.390729,386.307724,446.255803
-123,0.042547,-0.016901,0.411355,416.594798,417.485283,377.971618,436.008775
-122,0.042919,-0.005352,0.408558,409.461579,410.252262,370.81013,426.92603
-121,0.043149,0.006873,0.405698,404.92678,405.438914,365.545813,419.868366
-120,0.043371,0.018751,0.402861,403.24562,403.399149,362.591573,415.364056
-119,0.043578,0.029223,0.40013,404.528685,404.368601,362.263617,413.831913
-118,0.043722,0.037378,0.397578,408.70914,408.396114,364.706285,415.490138
-117,0.043813,0.042419,0.395291,415.474975,415.244647,369.820402,420.290016
-116,0.043877,0.043845,0.39333,424.224458,424.311435,377.180692,427.813877
-115,0.043921,0.041499,0.391752,434.48052,435.050847,386.370321,437.635074
-114,0.043884,0.035501,0.390609,445.339801,446.415898,396.533591,448.841701
-113,0.043839,0.026454,0.389928,455.963114,457.410633,406.791972,460.461733
-112,0.043729,0.015061,0.389723,465.506261,467.061582,416.264426,471.509303
-111,0.043647,0.002467,0.390002,473.077694,474.432372,424.028084,480.912612
-110,0.043416,-0.010274,0.390745,477.826417,478.719091,429.27024,487.710473
-109,0.043249,-0.02197,0.391923,479.371844,479.699723,431.627668,491.404889
-108,0.043031,-0.031654,0.3935,477.395671,477.232891,430.83315,491.610146
-107,0.042723,-0.038444,0.39542,472.009526,471.585752,426.972743,488.322739
-106,0.042452,-0.041907,0.397622,463.897724,463.500497,420.596909,482.079476
-105,0.042123,-0.041776,0.400045,453.853721,453.724797,412.294102,473.476617
-104,0.041769,-0.038162,0.402617,442.821974,443.080453,402.776094,463.280634
-103,0.041378,-0.031554,0.405267,432.125651,432.732224,393.089903,452.65825
-102,0.040965,-0.022512,0.40793,422.500354,423.306214,383.846546,442.313906
-101,0.040563,-0.01189,0.410536,414.748156,415.551884,375.790059,433.11977
-100,0.04006,-0.00065,0.413027,409.465598,410.085003,369.555768,425.838168
-99,0.039585,0.010357,0.415346,406.754128,407.085965,365.400211,420.80975
-98,0.039143,0.020276,0.417442,406.639095,406.67925,363.528354,418.316334
-97,0.038553,0.028256,0.419275,409.084785,408.92596,364.089647,418.578504
-96,0.038087,0.03395,0.420814,413.590887,413.386086,366.76659,421.273246
-95,0.037539,0.036824,0.422029,419.832685,419.75642,371.382605,426.243946
-94,0.036998,0.036876,0.422907,427.369758,427.568236,377.563912,433.084107
-93,0.036448,0.034174,0.423437,435.545192,436.09219,384.723589,441.151247
-92,0.035875,0.029036,0.423616,443.824725,444.705333,392.329131,449.843798
-91,0.03532,0.021885,0.423447,451.745685,452.863322,399.89571,458.604643
-90,0.034743,0.013422,0.422944,458.598774,459.790997,406.708804,466.604226
-89,0.034106,0.004219,0.422116,463.967714,465.056411,412.341631,473.333392
-88,0.033598,-0.004962,0.420989,467.564476,468.410685,416.481069,478.393228
-87,0.032938,-0.013456,0.419586,468.900277,469.424059,418.674218,481.237675
-86,0.032347,-0.02066,0.417934,468.066389,468.282127,418.972814,481.877168
-85,0.0318,-0.026138,0.416068,465.139014,465.133203,417.421013,480.3296
-84,0.031158,-0.029446,0.414026,460.259895,460.164755,414.095207,476.648968
-83,0.030581,-0.030527,0.411843,454.003931,453.950578,409.446318,471.330806
-82,0.029987,-0.029319,0.409563,446.952059,447.033461,403.902518,464.847254
-81,0.029404,-0.025989,0.407229,439.555148,439.807303,397.807282,457.597022
-80,0.028805,-0.020866,0.404882,432.567286,432.961481,391.7699,450.278379
-79,0.028209,-0.014435,0.402568,426.498504,426.963677,386.23941,443.426187
-78,0.027646,-0.007119,0.400331,421.652233,422.103391,381.509616,437.39821
-77,0.027078,0.000386,0.398211,418.436908,418.801273,378.016257,432.723327
-76,0.02647,0.007594,0.396251,416.96541,417.204056,375.939481,429.634711
-75,0.025952,0.013932,0.394494,417.162002,417.281326,375.325892,428.226968
-74,0.025408,0.018993,0.392974,419.004387,419.048041,376.236135,428.595446
-73,0.024808,0.02235,0.39173,422.293955,422.331939,378.581804,430.678771
-72,0.024345,0.023982,0.390792,426.584641,426.687213,382.000183,434.090708
-71,0.02379,0.023659,0.390186,431.70865,431.932239,386.372819,438.725388
-70,0.02328,0.021594,0.389932,437.188401,437.555282,391.255334,444.094696
-69,0.022777,0.018031,0.390046,442.565913,443.058533,396.209979,449.715102
-68,0.022294,0.013261,0.390526,447.570088,448.141141,400.953955,455.263827
-67,0.021793,0.007697,0.391374,451.786964,452.368032,405.076112,460.269587
-66,0.021311,0.001923,0.392575,454.883884,455.409269,408.226863,464.309006
-65,0.020822,-0.003805,0.394106,456.759942,457.180215,410.302016,467.245002
-64,0.020389,-0.008916,0.395941,457.300372,457.599074,411.155009,468.867183
-63,0.019863,-0.013117,0.398044,456.427337,456.61598,410.705815,469.055734
-62,0.019417,-0.016199,0.400368,454.428005,454.54315,409.18485,468.03097
-61,0.018983,-0.018015,0.402868,451.459012,451.546524,406.712238,465.899631
-60,0.018469,-0.018438,0.405491,447.735514,447.838855,403.451357,462.816629
-59,0.018044,-0.017684,0.408178,443.705672,443.851954,399.794587,459.213422
-58,0.017605,-0.015823,0.410873,439.643226,439.841557,395.968163,455.331776
-57,0.017156,-0.012989,0.41352,435.709903,435.953355,392.117996,451.332618
-56,0.016739,-0.009617,0.416056,432.365207,432.633152,388.674629,447.70997
-55,0.01633,-0.005809,0.418427,429.59614,429.865809,385.644745,444.47306
-54,0.015961,-0.001846,0.42058,427.539123,427.790342,383.184418,441.80782
-53,0.015571,0.001931,0.422461,426.336956,426.557781,381.466104,439.922306
-52,0.015217,0.005416,0.424028,425.891529,426.080025,380.434783,438.760162
-51,0.014958,0.008504,0.425238,426.127127,426.290205,380.053244,438.283896
-50,0.0146,0.010842,0.426058,427.117721,427.271395,380.438139,438.643116
-49,0.014385,0.012643,0.426465,428.613593,428.775226,381.361827,439.570097
-48,0.014182,0.01368,0.42644,430.564937,430.752885,382.817739,441.072177
-47,0.013987,0.013979,0.425972,432.918897,433.148904,384.759357,443.094225
-46,0.013843,0.013573,0.425073,435.500722,435.781705,387.035941,445.47009
-45,0.013793,0.012566,0.423749,438.162748,438.495877,389.50874,448.040466
-44,0.013706,0.010816,0.422025,440.962918,441.343437,392.238294,450.885046
-43,0.013719,0.008626,0.41994,443.594996,444.008584,394.925671,453.659653
-42,0.013735,0.005946,0.417532,446.036225,446.463157,397.551422,456.352402
-41,0.013824,0.002863,0.414853,448.227067,448.645082,400.048303,458.891081
-40,0.013929,-0.000398,0.41197,449.936044,450.321723,402.189231,461.021899
-39,0.014039,-0.003722,0.408943,451.073706,451.40774,403.880889,462.64438
-38,0.014271,-0.007044,0.405849,451.64298,451.913611,405.112194,463.754923
-37,0.014424,-0.00997,0.402768,451.366322,451.57345,405.600173,464.029613
-36,0.014652,-0.012452,0.399776,450.332093,450.486792,405.407801,463.546762
-35,0.014942,-0.014281,0.396955,448.51913,448.642778,404.484469,462.250157
-34,0.015175,-0.015164,0.394391,445.907743,446.02874,402.767089,460.063256
-33,0.01545,-0.015053,0.392148,442.670678,442.815329,400.380281,457.12888
-32,0.015778,-0.013914,0.390297,439.090741,439.275785,397.535415,453.684545
-31,0.016045,-0.011574,0.388898,435.250734,435.480233,394.26067,449.756134
-30,0.016366,-0.008302,0.387985,431.588828,431.849527,390.937354,445.780802
-29,0.016652,-0.004237,0.387589,428.40637,428.672962,387.82075,442.04816
-28,0.016967,0.000386,0.387721,425.913205,426.157463,385.113645,438.795013
-27,0.017279,0.0052,0.388368,424.39789,424.597983,383.109642,436.36213
-26,0.017507,0.009664,0.38951,424.092766,424.244758,382.087935,435.087787
-25,0.017868,0.013672,0.391108,424.887544,425.005804,381.989641,434.91053
-24,0.018095,0.016555,0.393101,426.944616,427.064807,383.058275,436.135395
-23,0.018341,0.018185,0.395433,430.02353,430.189103,385.124761,438.584371
-22,0.018617,0.018394,0.398027,433.913081,434.163829,388.043416,442.105198
-21,0.018835,0.017038,0.4008,438.353618,438.712153,391.617358,446.487901
-20,0.019003,0.014191,0.403677,443.0068,443.46851,395.549195,451.398386
-19,0.019223,0.010214,0.406577,447.430767,447.963122,399.419576,456.345355
-18,0.019347,0.005234,0.409413,451.315262,451.862819,402.952726,461.007983
-17,0.019487,-0.000241,0.412123,454.310525,454.813529,405.800519,464.957895
-16,0.01956,-0.005689,0.414634,456.056714,456.466843,407.616703,467.76319
-15,0.019635,-0.010779,0.416887,456.463616,456.758217,408.309523,469.283378
-14,0.019679,-0.015001,0.418835,455.410529,455.600502,407.741313,469.315604
-13,0.019651,-0.017942,0.420436,452.956146,453.081288,405.929007,467.834155
-12,0.019613,-0.01944,0.421658,449.31696,449.429136,403.038912,464.999331
-11,0.019597,-0.019374,0.422486,444.897955,445.043998,399.380867,461.13701
-10,0.019425,-0.017566,0.422906,439.916406,440.124515,395.093637,456.383434
-9,0.019325,-0.014453,0.422918,435.059333,435.326701,390.77216,451.426017
-8,0.01918,-0.010122,0.422536,430.589601,430.890895,386.623037,446.502528
-7,0.018937,-0.004952,0.421777,426.972991,427.268314,383.0625,442.101792
-6,0.018748,0.000461,0.420667,424.475603,424.73065,380.389288,438.60171
-5,0.018453,0.005727,0.419247,423.330884,423.526925,378.851339,436.307402
-4,0.018211,0.010453,0.417555,423.492607,423.635282,378.478968,435.285322
-3,0.017846,0.014018,0.415639,425.034106,425.153757,379.428788,435.757169
-2,0.017497,0.016308,0.413555,427.693653,427.831718,381.507835,437.526096
-1,0.017161,0.017116,0.411353,431.219694,431.416531,384.536035,440.417091
0,0.016702,0.01628,0.409093,435.319235,435.599474,388.282057,444.198583
